{
  "sheets": [
    {
      "name": "PI",
      "headers": [
        "S.No",
        "Roll Number",
        "Name",
        "DEP",
        "Batch",
        "period of study",
        "DOB",
        "Blood Group",
        "Mobile No",
        "Whatsapp No",
        "Email",
        "Religion",
        "Caste",
        "Community",
        "State&Country",
        "mother tongue",
        "        Photo1",
        "educational preference",
        "father name",
        "mother name",
        "Father's Occupation",
        "Mother's Occupation",
        "Father's Mobile No",
        "Mother's Mobile No",
        "Father's Telephone No",
        "Mother's Telephone No",
        "Father's Email id",
        "Mother's Email id",
        "Residential address",
        "Mother's Mobile No.1",
        "LG address",
        "Pincode 1",
        "Pincode 2",
        "period 10th",
        "Med 10th",
        "name 10th",
        "board 10th",
        "10-Medium",
        "sub 10th",
        "mark 10th",
        "%10th",
        "period 12th",
        "Med 12th",
        "name 12th",
        "board 12th",
        "tot12",
        "tot12%",
        "M12",
        "M12%",
        "P12",
        "P12%",
        "C12",
        "C12%",
        "CO12",
        "CO12%",
        "GC12",
        "com rank",
        "Diploma/B.sc Period of study",
        "Diploma/B.sc Medium",
        "Diploma/B.sc Name of the college",
        "Diploma/B.sc aggr.marks",
        "Diploma/B.sc Percentage"
      ]
    },
    {
      "name": "Sem 1",
      "headers": [
        "S No",
        "Roll Number",
        "Name",
        "DEP",
        "1-cc1",
        "1-cn1",
        "1-category1",
        "1-internal marks1",
        "1-credits earned1",
        "1-Att1",
        "1-end semester grade1",
        "1-month&year of passing1",
        "1-cc2",
        "1-cn2",
        "1-category2",
        "1-internal marks2",
        "1-credits earned2",
        "1-Att2",
        "1-end semester grade2",
        "1-month&year of passing2",
        "1-cc3",
        "1-cn3",
        "1-category3",
        "1-internal marks3",
        "1-credits earned3",
        "1-Att3",
        "1-end semester grade3",
        "1-month&year of passing3",
        "1-cc4",
        "1-cn4",
        "1-category4",
        "1-internal marks4",
        "1-credits earned4",
        "1-Att4",
        "1-end semester grade4",
        "1-month&year of passing4",
        "1-cc5",
        "1-cn5",
        "1-category5",
        "1-internal marks5",
        "1-credits earned5",
        "1-Att5",
        "1-end semester grade5",
        "1-month&year of passing5",
        "1-cc6",
        "1-cn6",
        "1-category6",
        "1-internal marks6",
        "1-credits earned6",
        "1-Att6",
        "1-end semester grade6",
        "1-month&year of passing6",
        "1-cc7",
        "1-cn7",
        "1-category7",
        "1-internal marks7",
        "1-credits earned7",
        "1-Att7",
        "1-end semester grade7",
        "1-month&year of passing7",
        "1-cc8",
        "1-cn8",
        "1-category8",
        "1-internal marks8",
        "1-credits earned8",
        "1-Att8",
        "1-end semester grade8",
        "1-month&year of passing8",
        "1-cc9",
        "1-cn9",
        "1-category9",
        "1-internal marks9",
        "1-credits earned9",
        "1-Att9",
        "1-end semester grade9",
        "1-month&year of passing9",
        "1-cc10",
        "1-cn10",
        "1-category10",
        "1-internal marks10",
        "1-credits earned10",
        "1-Att10",
        "1-end semester grade10",
        "1-month&year of passing10",
        "1-cc11",
        "1-cn11",
        "1-category11",
        "1-internal marks11",
        "1-credits earned11",
        "1-Att11",
        "1-end semester grade11",
        "1-month&year of passing11",
        "1-cc12",
        "1-cn12",
        "1-category12",
        "1-internal marks12",
        "1-credits earned12",
        "1-Att12",
        "1-end semester grade12",
        "1-month&year of passing12",
        "1-ATT",
        "1-GPA",
        "1-CGPA",
        "1-total credits"
      ]
    },
    {
      "name": "Sem 2",
      "headers": [
        "S No",
        "Roll Number",
        "Name",
        "DEP",
        "2-cc1",
        "2-cn1",
        "2-category1",
        "2-internal marks1",
        "2-credits earned1",
        "2-Att1",
        "2-end semester grade1",
        "2-month&year of passing1",
        "2-cc2",
        "2-cn2",
        "2-category2",
        "2-internal marks2",
        "2-credits earned2",
        "2-Att2",
        "2-end semester grade2",
        "2-month&year of passing2",
        "2-cc3",
        "2-cn3",
        "2-category3",
        "2-internal marks3",
        "2-credits earned3",
        "2-Att3",
        "2-end semester grade3",
        "2-month&year of passing3",
        "2-cc4",
        "2-cn4",
        "2-category4",
        "2-internal marks4",
        "2-credits earned4",
        "2-Att4",
        "2-end semester grade4",
        "2-month&year of passing4",
        "2-cc5",
        "2-cn5",
        "2-category5",
        "2-internal marks5",
        "2-credits earned5",
        "2-Att5",
        "2-end semester grade5",
        "2-month&year of passing5",
        "2-cc6",
        "2-cn6",
        "2-category6",
        "2-internal marks6",
        "2-credits earned6",
        "2-Att6",
        "2-end semester grade6",
        "2-month&year of passing6",
        "2-cc7",
        "2-cn7",
        "2-category7",
        "2-internal marks7",
        "2-credits earned7",
        "2-Att7",
        "2-end semester grade7",
        "2-month&year of passing7",
        "2-cc8",
        "2-cn8",
        "2-category8",
        "2-internal marks8",
        "2-credits earned8",
        "2-Att8",
        "2-end semester grade8",
        "2-month&year of passing8",
        "2-cc9",
        "2-cn9",
        "2-category9",
        "2-internal marks9",
        "2-credits earned9",
        "2-Att9",
        "2-end semester grade9",
        "2-month&year of passing9",
        "2-cc10",
        "2-cn10",
        "2-category10",
        "2-internal marks10",
        "2-credits earned10",
        "2-Att10",
        "2-end semester grade10",
        "2-month&year of passing10",
        "2-Att",
        "2-GPA",
        "2-CGPA",
        "2-total credits"
      ]
    },
    {
      "name": "Sem 3",
      "headers": [
        "S No",
        "Roll Number",
        "Name",
        "DEP",
        "3-cc1",
        "3-cn1",
        "3-category1",
        "3-internal marks1",
        "3-credits earned1",
        "3-Att1",
        "3-end semester grade1",
        "3-month&year of passing1",
        "3-cc2",
        "3-cn2",
        "3-category2",
        "3-internal marks2",
        "3-credits earned2",
        "3-Att2",
        "3-end semester grade2",
        "3-month&year of passing2",
        "3-cc3",
        "3-cn3",
        "3-category3",
        "3-internal marks3",
        "3-credits earned3",
        "3-Att3",
        "3-end semester grade3",
        "3-month&year of passing3",
        "3-cc4",
        "3-cn4",
        "3-category4",
        "3-internal marks4",
        "3-credits earned4",
        "3-Att4",
        "3-end semester grade4",
        "3-month&year of passing4",
        "3-cc5",
        "3-cn5",
        "3-category5",
        "3-internal marks5",
        "3-credits earned5",
        "3-Att5",
        "3-end semester grade5",
        "3-month&year of passing5",
        "3-cc6",
        "3-cn6",
        "3-category6",
        "3-internal marks6",
        "3-credits earned6",
        "3-Att6",
        "3-end semester grade6",
        "3-month&year of passing6",
        "3-cc7",
        "3-cn7",
        "3-category7",
        "3-internal marks7",
        "3-credits earned7",
        "3-Att7",
        "3-end semester grade7",
        "3-month&year of passing7",
        "3-cc8",
        "3-cn8",
        "3-category8",
        "3-internal marks8",
        "3-credits earned8",
        "3-Att8",
        "3-end semester grade8",
        "3-month&year of passing8",
        "3-cc9",
        "3-cn9",
        "3-category9",
        "3-internal marks9",
        "3-credits earned9",
        "3-Att9",
        "3-end semester grade9",
        "3-month&year of passing9",
        "3-cc10",
        "3-cn10",
        "3-category10",
        "3-internal marks10",
        "3-credits earned10",
        "3-Att10",
        "3-end semester grade10",
        "3-month&year of passing10",
        "3-cc11",
        "3-cn11",
        "3-category11",
        "3-internal marks11",
        "3-credits earned11",
        "3-Att11",
        "3-end semester grade11",
        "3-month&year of passing11",
        "3-cc12",
        "3-cn12",
        "3-category12",
        "3-internal marks12",
        "3-credits earned12",
        "3-Att12",
        "3-end semester grade12",
        "3-month&year of passing12",
        "3-ATT",
        "3-GPA",
        "3-CGPA",
        "3-total credits"
      ]
    },
    {
      "name": "Sem 4",
      "headers": [
        "S No",
        "Roll Number",
        "Name",
        "DEP",
        "4-cc1",
        "4-cn1",
        "4-category1",
        "4-internal marks1",
        "4-credits earned1",
        "4-Att1",
        "4-end semester grade1",
        "4-month&year of passing1",
        "4-cc2",
        "4-cn2",
        "4-category2",
        "4-internal marks2",
        "4-credits earned2",
        "4-Att2",
        "4-end semester grade2",
        "4-month&year of passing2",
        "4-cc3",
        "4-cn3",
        "4-category3",
        "4-internal marks3",
        "4-credits earned3",
        "4-Att3",
        "4-end semester grade3",
        "4-month&year of passing3",
        "4-cc4",
        "4-cn4",
        "4-category4",
        "4-internal marks4",
        "4-credits earned4",
        "4-Att4",
        "4-end semester grade4",
        "4-month&year of passing4",
        "4-cc5",
        "4-cn5",
        "4-category5",
        "4-internal marks5",
        "4-credits earned5",
        "4-Att5",
        "4-end semester grade5",
        "4-month&year of passing5",
        "4-cc6",
        "4-cn6",
        "4-category6",
        "4-internal marks6",
        "4-credits earned6",
        "4-Att6",
        "4-end semester grade6",
        "4-month&year of passing6",
        "4-cc7",
        "4-cn7",
        "4-category7",
        "4-internal marks7",
        "4-credits earned7",
        "4-Att7",
        "4-end semester grade7",
        "4-month&year of passing7",
        "4-cc8",
        "4-cn8",
        "4-category8",
        "4-internal marks8",
        "4-credits earned8",
        "4-Att8",
        "4-end semester grade8",
        "4-month&year of passing8",
        "4-cc9",
        "4-cn9",
        "4-category9",
        "4-internal marks9",
        "4-credits earned9",
        "4-Att9",
        "4-end semester grade9",
        "4-month&year of passing9",
        "4-cc10",
        "4-cn10",
        "4-category10",
        "4-internal marks10",
        "4-credits earned10",
        "4-Att10",
        "4-end semester grade10",
        "4-ATT",
        "4-GPA",
        "4-CGPA",
        "4-total credits",
        "Unnamed: 87",
        "Unnamed: 88",
        "4-month&year of passing10"
      ]
    },
    {
      "name": "Sem 5",
      "headers": [
        "S No",
        "Roll Number",
        "Name",
        "DEP",
        "5-cc1",
        "5-cn1",
        "5-category1",
        "5-internal marks1",
        "5-credits earned1",
        "5-Att1",
        "5-end semester grade1",
        "5-month&year of passing1",
        "5-cc2",
        "5-cn2",
        "5-category2",
        "5-internal marks2",
        "5-credits earned2",
        "5-Att2",
        "5-end semester grade2",
        "5-month&year of passing2",
        "5-cc3",
        "5-cn3",
        "5-category3",
        "5-internal marks3",
        "5-credits earned3",
        "5-Att3",
        "5-end semester grade3",
        "5-month&year of passing3",
        "5-cc4",
        "5-cn4",
        "5-category4",
        "5-internal marks4",
        "5-credits earned4",
        "5-Att4",
        "5-end semester grade4",
        "5-month&year of passing4",
        "5-cc5",
        "5-cn5",
        "5-category5",
        "5-internal marks5",
        "5-credits earned5",
        "5-Att5",
        "5-end semester grade5",
        "5-month&year of passing5",
        "5-cc6",
        "5-cn6",
        "5-category6",
        "5-internal marks6",
        "5-credits earned6",
        "5-Att6",
        "5-end semester grade6",
        "5-month&year of passing6",
        "5-cc7",
        "5-cn7",
        "5-category7",
        "5-internal marks7",
        "5-credits earned7",
        "5-Att7",
        "5-end semester grade7",
        "5-month&year of passing7",
        "5-cc8",
        "5-cn8",
        "5-category8",
        "5-internal marks8",
        "5-credits earned8",
        "5-Att8",
        "5-end semester grade8",
        "5-month&year of passing8",
        "5-cc9",
        "5-cn9",
        "5-category9",
        "5-internal marks9",
        "5-credits earned9",
        "5-Att9",
        "5-end semester grade9",
        "5-month&year of passing9",
        "5-cc10",
        "5-cn10",
        "5-category10",
        "5-internal marks10",
        "5-credits earned10",
        "5-Att10",
        "5-end semester grade10",
        "5-month&year of passing10",
        "5-ATT",
        "5-GPA",
        "5-CGPA",
        "5-total credits"
      ]
    },
    {
      "name": "Sem 6",
      "headers": [
        "S No",
        "Roll Number",
        "Name",
        "DEP",
        "6-cc1",
        "6-cn1",
        "6-category1",
        "6-internal marks1",
        "6-credits earned1",
        "6-Att1",
        "6-end semester grade1",
        "6-month&year of passing1",
        "6-cc2",
        "6-cn2",
        "6-category2",
        "6-internal marks2",
        "6-credits earned2",
        "6-Att2",
        "6-end semester grade2",
        "6-month&year of passing2",
        "6-cc3",
        "6-cn3",
        "6-category3",
        "6-internal marks3",
        "6-credits earned3",
        "6-Att3",
        "6-end semester grade3",
        "6-month&year of passing3",
        "6-cc4",
        "6-cn4",
        "6-category4",
        "6-internal marks4",
        "6-credits earned4",
        "6-Att4",
        "6-end semester grade4",
        "6-month&year of passing4",
        "6-cc5",
        "6-cn5",
        "6-category5",
        "6-internal marks5",
        "6-credits earned5",
        "6-Att5",
        "6-end semester grade5",
        "6-month&year of passing5",
        "6-cc6",
        "6-cn6",
        "6-category6",
        "6-internal marks6",
        "6-credits earned6",
        "6-Att6",
        "6-end semester grade6",
        "6-month&year of passing6",
        "6-cc7",
        "6-cn7",
        "6-category7",
        "6-internal marks7",
        "6-credits earned7",
        "6-Att7",
        "6-end semester grade7",
        "6-month&year of passing7",
        "6-cc8",
        "6-cn8",
        "6-category8",
        "6-internal marks8",
        "6-credits earned8",
        "6-Att8",
        "6-end semester grade8",
        "6-month&year of passing8",
        "6-cc9",
        "6-cn9",
        "6-category9",
        "6-internal marks9",
        "6-credits earned9",
        "6-Att9",
        "6-end semester grade9",
        "6-month&year of passing9",
        "6-cc10",
        "6-cn10",
        "6-category10",
        "6-internal marks10",
        "6-credits earned10",
        "6-Att10",
        "6-end semester grade10",
        "6-month&year of passing10",
        "6-ATT",
        "6-GPA",
        "6-CGPA",
        "6-total credits"
      ]
    },
    {
      "name": "Sem 7",
      "headers": [
        "S No",
        "Roll Number",
        "Name",
        "DEP",
        "7-cc1",
        "7-cn1",
        "7-category1",
        "7-internal marks1",
        "7-credits earned1",
        "7-Att1",
        "7-end semester grade1",
        "7-month&year of passing1",
        "7-cc2",
        "7-cn2",
        "7-category2",
        "7-internal marks2",
        "7-credits earned2",
        "7-Att2",
        "7-end semester grade2",
        "7-month&year of passing2",
        "7-cc3",
        "7-cn3",
        "7-category3",
        "7-internal marks3",
        "7-credits earned3",
        "7-Att3",
        "7-end semester grade3",
        "7-month&year of passing3",
        "7-cc4",
        "7-cn4",
        "7-category4",
        "7-internal marks4",
        "7-credits earned4",
        "7-Att4",
        "7-end semester grade4",
        "7-month&year of passing4",
        "7-cc5",
        "7-cn5",
        "7-category5",
        "7-internal marks5",
        "7-credits earned5",
        "7-Att5",
        "7-end semester grade5",
        "7-month&year of passing5",
        "7-ATT",
        "7-GPA",
        "7-CGPA",
        "7-total credits"
      ]
    },
    {
      "name": "Sem 8",
      "headers": [
        "S No",
        "Roll Number",
        "Name",
        "DEP",
        "8-cc1",
        "8-cn1",
        "8-category",
        "8-internal marks1",
        "8-credits earned1",
        "8-Att1",
        "8-end semester grade1",
        "8-month&year of passing1",
        "8-ATT",
        "8-GPA",
        "8-CGPA",
        "8-total credits"
      ]
    },
    {
      "name": "Sem 9",
      "headers": [
        "9-cc1",
        "9-cn1",
        "9-category1",
        "9-internal marks1",
        "9-credits earned1",
        "9-Att1",
        "9-end semester grade1",
        "9-month&year of passing1",
        "9-cc2",
        "9-cn2",
        "9-category2",
        "9-internal marks2",
        "9-credits earned2",
        "9-Att2",
        "9-end semester grade2",
        "9-month&year of passing2",
        "9-cc3",
        "9-cn3",
        "9-category3",
        "9-internal marks3",
        "9-credits earned3",
        "9-Att3",
        "9-end semester grade3",
        "9-month&year of passing3",
        "9-cc4",
        "9-cn4",
        "9-category4",
        "9-internal marks4",
        "9-credits earned4",
        "9-Att4",
        "9-end semester grade4",
        "9-month&year of passing4",
        "9-cc5",
        "9-cn5",
        "9-category5",
        "9-internal marks5",
        "9-credits earned5",
        "9-Att5",
        "9-end semester grade5",
        "9-month&year of passing5",
        "9-cc6",
        "9-cn6",
        "9-category6",
        "9-internal marks6",
        "9-credits earned6",
        "9-Att6",
        "9-end semester grade6",
        "9-month&year of passing6",
        "9-cc7",
        "9-cn7",
        "9-category7",
        "9-internal marks7",
        "9-credits earned7",
        "9-Att7",
        "9-end semester grade7",
        "9-month&year of passing7",
        "9-cc8",
        "9-cn8",
        "9-category8",
        "9-internal marks8",
        "9-credits earned8",
        "9-Att8",
        "9-end semester grade8",
        "9-month&year of passing8",
        "9-cc9",
        "9-cn9",
        "9-category9",
        "9-internal marks9",
        "9-credits earned9",
        "9-Att9",
        "9-end semester grade9",
        "9-month&year of passing9",
        "9-cc10",
        "9-cn10",
        "9-category10",
        "9-internal marks10",
        "9-credits earned10",
        "9-Att10",
        "9-end semester grade10",
        "9-month&year of passing10",
        "9-cc11",
        "9-cn11",
        "9-category11",
        "9-internal marks11",
        "9-credits earned11",
        "9-Att11",
        "9-end semester grade11",
        "9-month&year of passing11",
        "9-cc12",
        "9-cn12",
        "9-category12",
        "9-internal marks12",
        "9-credits earned12",
        "9-Att12",
        "9-end semester grade12",
        "9-month&year of passing12"
      ]
    },
    {
      "name": "Sem 10",
      "headers": [
        "10-cc1",
        "10-cn1",
        "10-category1",
        "10-internal marks1",
        "10-credits earned1",
        "10-Att1",
        "10-end semester grade1",
        "10-month&year of passing1",
        "10-cc2",
        "10-cn2",
        "10-category2",
        "10-internal marks2",
        "10-credits earned2",
        "10-Att2",
        "10-end semester grade2",
        "10-month&year of passing2",
        "10-cc3",
        "10-cn3",
        "10-category3",
        "10-internal marks3",
        "10-credits earned3",
        "10-Att3",
        "10-end semester grade3",
        "10-month&year of passing3",
        "10-cc4",
        "10-cn4",
        "10-category4",
        "10-internal marks4",
        "10-credits earned4",
        "10-Att4",
        "10-end semester grade4",
        "10-month&year of passing4",
        "10-cc5",
        "10-cn5",
        "10-category5",
        "10-internal marks5",
        "10-credits earned5",
        "10-Att5",
        "10-end semester grade5",
        "10-month&year of passing5",
        "10-cc6",
        "10-cn6",
        "10-category6",
        "10-internal marks6",
        "10-credits earned6",
        "10-Att6",
        "10-end semester grade6",
        "10-month&year of passing6",
        "10-cc7",
        "10-cn7",
        "10-category7",
        "10-internal marks7",
        "10-credits earned7",
        "10-Att7",
        "10-end semester grade7",
        "10-month&year of passing7",
        "10-cc8",
        "10-cn8",
        "10-category8",
        "10-internal marks8",
        "10-credits earned8",
        "10-Att8",
        "10-end semester grade8",
        "10-month&year of passing8",
        "10-cc9",
        "10-cn9",
        "10-category9",
        "10-internal marks9",
        "10-credits earned9",
        "10-Att9",
        "10-end semester grade9",
        "10-month&year of passing9",
        "10-cc10",
        "10-cn10",
        "10-category10",
        "10-internal marks10",
        "10-credits earned10",
        "10-Att10",
        "10-end semester grade10",
        "10-month&year of passing10",
        "10-cc11",
        "10-cn11",
        "10-category11",
        "10-internal marks11",
        "10-credits earned11",
        "10-Att11",
        "10-end semester grade11",
        "10-month&year of passing11",
        "10-cc12",
        "10-cn12",
        "10-category12",
        "10-internal marks12",
        "10-credits earned12",
        "10-Att12",
        "10-end semester grade12",
        "10-month&year of passing12"
      ]
    },
    {
      "name": "specialization",
      "headers": [
        "S No",
        "Roll Number",
        "Name",
        "DEP",
        "s/m/v/d",
        "s-category1",
        "s-cc1",
        "s-ct1",
        "s-offered by1",
        "s-grade1",
        "s-duration1",
        "s-category2",
        "s-cc2",
        "s-ct2",
        "s-offered by2",
        "s-grade2",
        "s-duration2",
        "s-category3",
        "s-cc3",
        "s-ct3",
        "s-offered by3",
        "s-grade3",
        "s-duration3",
        "s-category4",
        "s-cc4",
        "s-ct4",
        "s-offered by4",
        "s-grade4",
        "s-duration4",
        "s-category5",
        "s-cc5",
        "s-ct5",
        "s-offered by5",
        "s-grade5",
        "s-duration5",
        "s-category6",
        "s-cc6",
        "s-ct6",
        "s-offered by6",
        "s-grade6",
        "s-duration6",
        "s-category7",
        "s-cc7",
        "s-ct7",
        "s-offered by7",
        "s-grade7",
        "s-category8",
        "s-cc8",
        "s-ct8",
        "s-offered by8",
        "s-grade8",
        "s-category9",
        "s-cc9",
        "s-ct9",
        "s-offered by9",
        "s-grade9",
        "s-category10",
        "s-cc10",
        "s-ct10",
        "s-offered by10",
        "s-grade10",
        "s-duration10",
        "s-category11",
        "s-cc11",
        "s-ct11",
        "s-offered by11",
        "s-grade11",
        "s-duration11",
        "s-category11.1",
        "s-cc11.1",
        "s-ct11.1",
        "s-offered by11.1",
        "s-grade11.1",
        "s-duration11.1",
        "s-category12",
        "s-cc12",
        "s-ct12",
        "s-offered by12",
        "s-grade12",
        "s-duration12",
        "s-category13",
        "s-cc13",
        "s-ct13",
        "s-offered by13",
        "s-grade13",
        "s-duration13",
        "s-category14",
        "s-cc14",
        "s-ct14",
        "s-offered by14",
        "s-grade14",
        "s-duration14"
      ]
    },
    {
      "name": "courses completed",
      "headers": [
        "S No",
        "Roll Number",
        "Name",
        "DEP",
        "c-cc1",
        "c-cn1",
        "c-duration1",
        "c-remarks1",
        "c-cc2",
        "c-cn2",
        "c-duration2",
        "c-remarks2",
        "c-cc3",
        "c-cn3",
        "c-duration3",
        "c-remarks3",
        "c-cc4",
        "c-cn4",
        "c-duration4",
        "c-remarks4",
        "c-cc5",
        "c-cn5",
        "c-duration5",
        "c-remarks5",
        "c-cc6",
        "c-cn6",
        "c-duration6",
        "c-remarks6",
        "c-cc7",
        "c-cn7",
        "c-duration7",
        "c-remarks7",
        "c-cc8",
        "c-cn8",
        "c-duration8",
        "c-remarks8",
        "c-cc9",
        "c-cn9",
        "c-duration9",
        "c-remarks9"
      ]
    },
    {
      "name": "Overall academic credits",
      "headers": [
        "S No",
        "Roll Number",
        "Name",
        "DEP",
        "I-hs",
        "II-hs",
        "III-hs",
        "IV-hs",
        "V-hs",
        "VI-hs",
        "VII-hs",
        "VIII-hs",
        "tot-hs",
        "I-bs",
        "II-bs",
        "III-bs",
        "IV-bs",
        "V-bs",
        "VI-bs",
        "VII-bs",
        "VIII-bs",
        "tot-bs",
        "I-es",
        "II-es",
        "III-es",
        "IV-es",
        "V-es",
        "VI-es",
        "VII-es",
        "VIII-es",
        "tot-es",
        "I-pc",
        "II-pc",
        "III-pc",
        "IV-pc",
        "V-pc",
        "VI-pc",
        "VII-pc",
        "VIII-pc",
        "tot-pc",
        "I-pe",
        "II-pe",
        "III-pe",
        "IV-pe",
        "V-pe",
        "VI-pe",
        "VII-pe",
        "VIII-pe",
        "tot-pe",
        "I-oe",
        "II-oe",
        "III-oe",
        "IV-oe",
        "V-oe",
        "VI-oe",
        "VII-oe",
        "VIII-oe",
        "tot-oe",
        "I-eec",
        "II-eec",
        "III-eec",
        "IV-eec",
        "V-eec",
        "VI-eec",
        "VII-eec",
        "VIII-eec",
        "tot-eec",
        "I-tot",
        "II-tot",
        "III-tot",
        "IV-tot",
        "V-tot",
        "VI-tot",
        "VII-tot",
        "VIII-tot",
        "tot-tot",
        "I-gpa",
        "II-gpa",
        "III-gpa",
        "IV-gpa",
        "V-gpa",
        "VI-gpa",
        "VII-gpa",
        "VIII-gpa",
        "tot-gpa",
        "I-cgpa",
        "II-cgpa",
        "III-cgpa",
        "IV-cgpa",
        "V-cgpa",
        "VI-cgpa",
        "VII-cgpa",
        "VIII-cgpa",
        "tot-cgpa"
      ]
    },
    {
      "name": "co-curricular activites",
      "headers": [
        "S No",
        "Roll Number",
        "Name",
        "DEP",
        "e-a1",
        "e-from1",
        "e-to1",
        "e-organizer1",
        "e-awards received1",
        "e-a2",
        "e-from2",
        "e-to2",
        "e-organizer2",
        "e-awards received2",
        "e-a3",
        "e-from3",
        "e-to3",
        "e-organizer3",
        "e-awards received3",
        "e-a4",
        "e-from4",
        "e-to4",
        "e-organizer4",
        "e-awards received4",
        "e-a5",
        "e-from5",
        "e-to5",
        "e-organizer5",
        "e-awards received5",
        "e-a6",
        "e-from6",
        "e-to6",
        "e-organizer6",
        "e-awards received6",
        "e-a7",
        "e-from7",
        "e-to7",
        "e-organizer7",
        "e-awards received7",
        "e-a8",
        "e-from8",
        "e-to8",
        "e-organizer8",
        "e-awards received8",
        "e-a9",
        "e-from9",
        "e-to9",
        "e-organizer9",
        "e-awards received9",
        "e-a10",
        "e-from10",
        "e-to10",
        "e-organizer10",
        "e-awards received10"
      ]
    },
    {
      "name": "internshipscholarship",
      "headers": [
        "S No",
        "Roll Number",
        "Name",
        "DEP",
        "i-o1",
        "i-no_of weeks1",
        "i-from1",
        "i-to1",
        "i-o2",
        "i-no_of weeks2",
        "i-from2",
        "i-to2",
        "i-o3",
        "i-no_of weeks3",
        "i-from3",
        "i-to3",
        "i-o4",
        "i-no_of weeks4",
        "i-from4",
        "i-to4",
        "h-sem1",
        "h-details of scholarship1",
        "h-amount1",
        "h-sem2",
        "h-details of scholarship2",
        "h-amount2",
        "h-sem3",
        "h-details of scholarship3",
        "h-amount3",
        "h-sem4",
        "h-details of scholarship4",
        "h-amount4"
      ]
    },
    {
      "name": "mentoring details",
      "headers": [
        "S No",
        "Roll Number",
        "Name",
        "DEP",
        "1-m-date1",
        "1-m-details1",
        "1-m-date2",
        "1-m-details2",
        "1-m-date3",
        "1-m-details3",
        "2-m-date1",
        "2-m-details1",
        "2-m-date2",
        "2-m-details2",
        "2-m-date3",
        "2-m-details3",
        "3-m-date1",
        "3-m-details1",
        "3-m-date2",
        "3-m-details2",
        "3-m-date3",
        "3-m-details3",
        "4-m-date1",
        "4-m-details1",
        "4-m-date2",
        "4-m-details2",
        "4-m-date3",
        "4-m-details3",
        "5-m-date1",
        "5-m-details1",
        "5-m-date2",
        "5-m-details2",
        "5-m-date3",
        "5-m-details3",
        "6-m-date1",
        "6-m-details1",
        "6-m-date2",
        "6-m-details2",
        "6-m-date3",
        "6-m-details3",
        "7-m-date1",
        "7-m-details1",
        "7-m-date2",
        "7-m-details2",
        "7-m-date3",
        "7-m-details3",
        "8-m-date1",
        "8-m-details1",
        "8-m-date2",
        "8-m-details2",
        "8-m-date3",
        "8-m-details3",
        "1-tutor feed1"
      ]
    },
    {
      "name": "course completion_details",
      "headers": [
        "S No",
        "Roll Number",
        "Name",
        "DEP",
        "d-of-g",
        "class awarded",
        "cgpa",
        "tc_no",
        "details of placement",
        "per-mobile no",
        "per-email id",
        "add-mobile no",
        "add-email id",
        "photo2"
      ]
    },
    {
      "name": "Place holder details",
      "headers": ["Roll Number", "Roll Number.1"]
    }
  ]
}
